<?xml version="1.0" encoding="UTF-8"?>
<req:ImportPaymentsRequest xmlns:com="http://roskazna.ru/gisgmp/xsd/Common/2.0.1" xmlns:req="urn://fns/gisgmp/xsd/services/import-payments/2.0.1" xmlns:pkg="http://roskazna.ru/gisgmp/xsd/Package/2.0.1" xmlns:bdi="http://roskazna.ru/gisgmp/xsd/BudgetIndex/2.0.1" xmlns:org="http://roskazna.ru/gisgmp/xsd/Organization/2.0.1" xmlns:chg="http://roskazna.ru/gisgmp/xsd/Charge/2.0.1" xmlns:rfd="http://roskazna.ru/gisgmp/xsd/Refund/2.0.1" xmlns:pmnt="http://roskazna.ru/gisgmp/xsd/Payment/2.0.1" Id="I_87d10a0b-36bc-4add-8e22-6158916eeeb8" timestamp="2018-01-18T19:14:55.0" senderIdentifier="200179" senderRole="2">
	<pkg:PaymentsPackage>
		<pkg:ImportedPayment Id="I_36615ce2-37c8-4c20-8288-bd17313a4865" paymentId="10445257164525711801201800000001" purpose="Пени и проценты по налогу на имущество физических лиц за декабрь 2017г" kbk="18210601030102000110" oktmo="46234501" supplierBillID="18209965000000000000" amount="10000" paymentDate="2018-01-18" transKind="01">
			<pmnt:PaymentOrg>
				<org:Bank correspondentBankAccount="40602810000380000020" bik="044525716" name="ВТБ24"/>
			</pmnt:PaymentOrg>
			<pmnt:Payer payerName="Зубков Антон Иванович" payerIdentifier="1210000000525211895123"/>

			<org:Payee name="УФК по Московской области (ИФНС РФ по г. Мытищи)" inn="5029029812" kpp="502901001">
				<com:OrgAccount accountNumber="40101810600000010102">
					<com:Bank correspondentBankAccount="30101810100000000716" bik="044583001" name="ОТДЕЛЕНИЕ 1 МОСКОВСКОГО ГТУ БАНКА РОССИИ"/>
				</com:OrgAccount>
			</org:Payee>

			<pmnt:BudgetIndex status="01" paytReason="0" taxPeriod="0" taxDocNumber="01" taxDocDate="0"/>
			<pmnt:AccDoc accDocDate="2018-01-18"/>
			<com:ChangeStatus meaning="1"/>
		</pkg:ImportedPayment>
	</pkg:PaymentsPackage>
</req:ImportPaymentsRequest>






